{"cameraMode":{"drawMode":0,"name":"Shaded","section":"Shading Mode"},"sceneLighting":false,"audioPlay":false,"sceneViewState":{"m_AlwaysRefresh":false,"showFog":true,"showSkybox":false,"showFlares":true,"showImageEffects":true,"showParticleSystems":true,"showVisualEffectGraphs":true,"m_FxEnabled":true},"in2DMode":false,"pivot":{"x":0.6100000143051148,"y":-0.17120938003063203,"z":0.7102121114730835},"rotation":{"x":0.14631961286067964,"y":0.6553003787994385,"z":-0.13147205114364625,"w":0.7293063998222351},"size":0.7718695402145386,"orthographic":false}